{
    "lr": 0.00014822030960546427,
    "d_model": 256,
    "nhead": 8,
    "d_hid": 128,
    "nlayers": 3,
    "dropout": 0.3188209521077743,
    "batch_size": 32
}