{
    "lr": 0.0016343773625177884,
    "dropout_rate": 0.3278246878473973,
    "weight_decay": 3.5795995426383446e-06,
    "num_layers": 3,
    "batch_size": 64,
    "gru_expansion": 1.2825033219792354
}