{
    "gru_dim": 512,
    "activation_fn_name": "relu",
    "lr": 0.0022729106220392963,
    "dropout_rate": 0.27424076693699767,
    "weight_decay": 1.4344003164514e-06,
    "num_layers": 3,
    "batch_size": 64,
    "gru_expansion": 1.293061716585393,
    "validation_rmse": 3.167677579105558,
    "validation_r2": 0.7334296703338623
}