{
    "lr": 0.0015995738339524724,
    "dropout_rate": 0.30274721633082136,
    "weight_decay": 4.800020949794163e-06,
    "num_layers": 3,
    "batch_size": 64,
    "gru_expansion": 1.2643071251697533
}