{
    "lr": 0.0017919534101239786,
    "dropout_rate": 0.31709928474195637,
    "weight_decay": 3.894305847681767e-06,
    "num_layers": 3,
    "batch_size": 64,
    "gru_expansion": 0.9616905182437001
}