{
    "lr": 0.002059795923638688,
    "dropout_rate": 0.37611874960600755,
    "weight_decay": 1.695851149895477e-06,
    "gru_dim": 512,
    "num_layers": 2,
    "batch_size": 128,
    "gru_expansion": 1.1286566186438427
}