{
    "lr": 0.002455667142585741,
    "dropout_rate": 0.39848200532862943,
    "weight_decay": 3.4621032950635623e-06,
    "gru_dim": 256,
    "num_layers": 1,
    "batch_size": 64,
    "gru_expansion": 0.9943963933906212
}