{
    "lr": 0.0012450377488979552,
    "dropout_rate": 0.3001958900428931,
    "weight_decay": 4.993118123548537e-06,
    "num_layers": 3,
    "batch_size": 64,
    "gru_expansion": 1.1537765213916715
}