{
    "activation_fn_name": "relu",
    "lr": 0.0018771947647823763,
    "dropout_rate": 0.27861095007109027,
    "weight_decay": 1.3823396470158192e-06,
    "gru_dim": 256,
    "num_layers": 2,
    "batch_size": 128,
    "gru_expansion": 1.1721610638606832,
    "validation_rmse": 63.80451139087364,
    "validation_r2": 0.039556682109832764
}