{
    "gru_dim": 512,
    "activation_fn_name": "relu",
    "lr": 0.0018210638272560904,
    "dropout_rate": 0.28731237527410824,
    "weight_decay": 2.6167601530013386e-06,
    "num_layers": 2,
    "batch_size": 64,
    "gru_expansion": 1.2260774279003455,
    "validation_rmse": 3.263427036064916,
    "validation_r2": 0.7184022665023804
}