{
    "lstm_dim": 256,
    "batch_size": 32,
    "activation_fn_name": "relu",
    "lr": 0.004045429843770656,
    "dropout_rate": 0.4945874350755918,
    "weight_decay": 0.0010127499931767425,
    "lstm_expansion": 0.8824617289031527,
    "sequence_length": 18,
    "num_layers": 1
}