{
    "lstm_dim": 256,
    "batch_size": 32,
    "activation_fn_name": "relu",
    "lr": 0.003513387109307581,
    "dropout_rate": 0.40753556756221393,
    "weight_decay": 0.0008543072405737584,
    "lstm_expansion": 0.9175938512263595,
    "sequence_length": 19,
    "num_layers": 1
}