{
    "lr": 0.0025441712035327063,
    "dropout_rate": 0.4398603345203287,
    "weight_decay": 0.0009339904976055537,
    "lstm_dim": 256,
    "num_layers": 2,
    "batch_size": 256,
    "lstm_expansion": 0.9366393003602512
}