{
    "lstm_dim": 256,
    "num_layers": 1,
    "batch_size": 32,
    "activation_fn_name": "relu",
    "lr": 0.0012427683968209032,
    "dropout_rate": 0.20044231497745532,
    "weight_decay": 1.2429827078801903e-06,
    "sequence_length": 36,
    "lstm_expansion": 0.8506901305214825,
    "validation_rmse": 3.4587659765939205,
    "validation_r2": 0.6826227903366089
}