{
    "lstm_dim": 256,
    "num_layers": 2,
    "batch_size": 32,
    "activation_fn_name": "relu",
    "lr": 0.0016107041407550878,
    "dropout_rate": 0.3135908754400551,
    "weight_decay": 0.0005468521608735045,
    "lstm_expansion": 0.8814960974899794,
    "sequence_length": 16
}