{
    "lstm_dim": 256,
    "num_layers": 1,
    "batch_size": 32,
    "activation_fn_name": "relu",
    "lr": 0.0011169265119660846,
    "dropout_rate": 0.2417203816672528,
    "weight_decay": 1.0979362814668557e-06,
    "sequence_length": 37,
    "lstm_expansion": 0.8555847774332573,
    "validation_rmse": 3.504336677093469,
    "validation_r2": 0.6733786463737488
}