{
    "lr": 0.0025892642471332275,
    "dropout_rate": 0.4040918750373037,
    "weight_decay": 0.0011553570036764284,
    "lstm_dim": 256,
    "num_layers": 2,
    "batch_size": 256,
    "lstm_expansion": 0.9489477883206605
}