{
    "lstm_dim": 256,
    "batch_size": 32,
    "activation_fn_name": "relu",
    "lr": 0.0025880166088166536,
    "dropout_rate": 0.439342981610071,
    "weight_decay": 0.0002959584549745133,
    "lstm_expansion": 0.8706779604993047,
    "sequence_length": 14,
    "num_layers": 1
}