{
    "lr": 0.0017102562785119258,
    "dropout_rate": 0.4164787828140951,
    "weight_decay": 9.431726102714295e-05,
    "lstm_dim": 256,
    "batch_size": 32,
    "lstm_expansion": 0.9498597317587925,
    "sequence_length": 19
}