{
    "lstm_dim": 256,
    "num_layers": 1,
    "batch_size": 32,
    "activation_fn_name": "relu",
    "lr": 0.0007396391286419041,
    "dropout_rate": 0.22117745807456368,
    "weight_decay": 3.1476388725630815e-05,
    "sequence_length": 38,
    "lstm_expansion": 0.8942223814868031,
    "validation_rmse": 3.5198473390035945,
    "validation_r2": 0.6706984043121338
}