{
    "d_hid": 128,
    "lr": 0.0008590268540741101,
    "weight_decay": 2.1066949389790025e-06,
    "batch_size": 128,
    "d_model": 256,
    "dropout": 0.11168287308100938,
    "nlayers": 3,
    "nhead": 4,
    "validation_rmse": 3.258178485465745,
    "validation_r2": 0.7062749862670898
}