{
    "lr": 0.003359372232772476,
    "d_model": 256,
    "nhead": 4,
    "d_hid": 256,
    "nlayers": 5,
    "dropout": 0.22817356476803574,
    "batch_size": 128
}