{
    "d_hid": 128,
    "batch_size": 64,
    "d_model": 128,
    "lr": 0.004263813338162702,
    "weight_decay": 1.2686316381520553e-06,
    "dropout": 0.07617944897102542,
    "nlayers": 2,
    "nhead": 8,
    "validation_rmse": 61.33066097463762,
    "validation_r2": 0.008474767208099365
}