{
    "lr": 0.009881449607419442,
    "d_model": 128,
    "nhead": 8,
    "d_hid": 128,
    "nlayers": 4,
    "dropout": 0.1488511233558119,
    "batch_size": 128
}