{
    "d_hid": 128,
    "batch_size": 64,
    "d_model": 128,
    "lr": 0.003954490870566109,
    "weight_decay": 1.0485434519731262e-05,
    "dropout": 0.14287213980780666,
    "nlayers": 2,
    "nhead": 8,
    "validation_rmse": 61.25249905217516,
    "validation_r2": 0.010318160057067871
}