{
    "d_hid": 128,
    "lr": 0.0009806155110730207,
    "weight_decay": 3.785498101014904e-06,
    "batch_size": 128,
    "d_model": 256,
    "dropout": 0.09750452230610321,
    "nlayers": 3,
    "nhead": 8,
    "validation_rmse": 3.2837977034181454,
    "validation_r2": 0.7017843723297119
}