{
    "lr": 0.0038280428182702994,
    "d_model": 256,
    "nhead": 4,
    "d_hid": 256,
    "nlayers": 2,
    "dropout": 0.11811957668074782,
    "batch_size": 128
}