{
    "d_hid": 128,
    "batch_size": 64,
    "d_model": 128,
    "lr": 0.00687760153270444,
    "weight_decay": 2.1343928602234517e-06,
    "dropout": 0.07242873399639158,
    "nlayers": 2,
    "nhead": 8,
    "validation_rmse": 61.315754292405266,
    "validation_r2": 0.008481740951538086
}