{
    "lr": 0.006740774123819794,
    "d_model": 256,
    "nhead": 8,
    "d_hid": 512,
    "nlayers": 5,
    "dropout": 0.19204327008079575,
    "batch_size": 32
}