{
    "d_hid": 128,
    "batch_size": 64,
    "d_model": 128,
    "lr": 0.0061609770521665235,
    "weight_decay": 1.4741307908527609e-06,
    "dropout": 0.062166166723631885,
    "nlayers": 2,
    "nhead": 8,
    "validation_rmse": 61.4522001596333,
    "validation_r2": 0.0045874714851379395
}